id,name
1,user1
2,user2
3,user3
4,user4
5,user5
6,user6
7,user7
8,user8
9,user9
10,user10
11,user11
12,user12
13,user13
14,user14
15,user15
16,user16
17,user17
18,user18
19,user19
20,user20
21,user21
22,user22
23,user23
24,user24
25,user25
26,user26
27,user27
28,user28
29,user29
30,user30
31,user31
32,user32
33,user33
34,user34
35,user35
36,user36
37,user37
38,user38
39,user39
40,user40
41,user41
42,user42
43,user43
44,user44
45,user45
46,user46
47,user47
48,user48
49,user49
50,user50
51,user51
52,user52
53,user53
54,user54
55,user55
56,user56
57,user57
58,user58
59,user59
60,user60
61,user61
62,user62
63,user63
64,user64
65,user65
66,user66
67,user67
68,user68
69,user69
70,user70
71,user71
72,user72
73,user73
74,user74
75,user75
76,user76
77,user77
78,user78
79,user79
80,user80
81,user81
82,user82
83,user83
84,user84
85,user85
86,user86
87,user87
88,user88
89,user89
90,user90
91,user91
92,user92
93,user93
94,user94
95,user95
96,user96
97,user97
98,user98
99,user99
100,user100
